{
  "auc": 0.9810583333333333,
  "accuracy": 0.956875,
  "sensitivity": 0.9733333333333334,
  "specificity": 0.9075,
  "precision": 0.9692946058091286,
  "f1": 0.9713097713097714,
  "threshold": 2.5957112312316895,
  "tp": 1168,
  "tn": 363,
  "fp": 37,
  "fn": 32,
  "total_normal": 400,
  "total_anomaly": 1200
}